bus number,Pg real power output MW,Qg reactive power output MVAr,Qmax maximum reactive,Qmin minimum reactive,Vg,mBase,status,Pmax,Pmin,Pc1,Pc2,Qc1min,Qc1max,Qc2min,Qc2max,ramp rate,ramp 10 min,ramp30 min,ramp reactive,AFP
1.0,23.539999999999999,0.0,150.0,-20.0,1.0,100.0,1.0,80.0,0.0,0.0,0.0,0.0,0.0,0.0,0.0,0.0,0.0,0.0,0.0,0.0
2.0,60.969999999999999,0.0,60.0,-20.0,1.0,100.0,1.0,80.0,0.0,0.0,0.0,0.0,0.0,0.0,0.0,0.0,0.0,0.0,0.0,0.0
22.0,21.59,0.0,62.5,-15.0,1.0,100.0,1.0,50.0,0.0,0.0,0.0,0.0,0.0,0.0,0.0,0.0,0.0,0.0,0.0,0.0
27.0,26.91,0.0,48.700000000000003,-15.0,1.0,100.0,1.0,55.0,0.0,0.0,0.0,0.0,0.0,0.0,0.0,0.0,0.0,0.0,0.0,0.0
23.0,19.199999999999999,0.0,40.0,-10.0,1.0,100.0,1.0,30.0,0.0,0.0,0.0,0.0,0.0,0.0,0.0,0.0,0.0,0.0,0.0,0.0
13.0,37.0,0.0,44.700000000000003,-15.0,1.0,100.0,1.0,40.0,0.0,0.0,0.0,0.0,0.0,0.0,0.0,0.0,0.0,0.0,0.0,0.0
