line_upgrade_cost_coef_scale,line_establish_cost_coef_scale,line_upgrade_capacity_coef_scale,line_establish_capacity_coef_scale,set_decision_var_priorities,runtime,net_runtime_simulations,best_incumbent
1.0,0.5,16.701282051282,33.4025641025641,True,577.0930846229793,163.69718790008852,938.67
1.0,0.5,16.701282051282,33.4025641025641,True,707.0630820260044,280.99721102539553,938.67
1.0,0.5,16.701282051282,33.4025641025641,True,913.1414560523878,466.46042315614096,938.67
1.0,0.5,16.701282051282,33.4025641025641,True,1230.530481174208,746.2752599890376,958.2299999999999
1.0,0.5,16.701282051282,33.4025641025641,True,3601.6668752590217,NA,1181.4260000000093
