line_upgrade_cost_coef_scale,line_establish_cost_coef_scale,line_upgrade_capacity_coef_scale,line_establish_capacity_coef_scale,set_decision_var_priorities,runtime,net_runtime_simulations,best_incumbent
1.0,5.0,35.2013966480447,70.4027932960894,True,2679.1557078406167,75.59622531273942,1963.6199999999997
1.0,5.0,35.2013966480447,70.4027932960894,True,2730.017203464871,101.08141672514364,1963.6199999999997
1.0,5.0,35.2013966480447,70.4027932960894,True,3624.3380143354148,NA,1963.62000000001
