line_upgrade_cost_coef_scale,line_establish_cost_coef_scale,line_upgrade_capacity_coef_scale,line_establish_capacity_coef_scale,set_decision_var_priorities,runtime,net_runtime_simulations,best_incumbent
1.0,0.5,8.8390243902439,17.6780487804878,True,24.25105663879778,13.644144760439747,184.62199999999982
1.0,0.5,8.8390243902439,17.6780487804878,True,64.06797361155003,24.27668192519745,184.62199999999982
1.0,0.5,8.8390243902439,17.6780487804878,True,69.70794955895516,NA,188.44199999999896
