line_upgrade_cost_coef_scale,line_establish_cost_coef_scale,line_upgrade_capacity_coef_scale,line_establish_capacity_coef_scale,set_decision_var_priorities,runtime,net_runtime_simulations,best_incumbent
1.0,0.5,19.0871794871795,38.174358974359,True,339.67054686373336,104.09234848159451,967.6919999999999
1.0,0.5,19.0871794871795,38.174358974359,True,577.1998347948546,322.369084451175,997.6619999999998
1.0,0.5,19.0871794871795,38.174358974359,True,980.6591753566715,680.1252930841104,1085.9799999999996
1.0,0.5,19.0871794871795,38.174358974359,True,1471.9670004997683,1088.116951191379,1210.1019999999996
1.0,0.5,19.0871794871795,38.174358974359,True,1527.9663329094167,1132.3168525461583,1214.5159999999998
1.0,0.5,19.0871794871795,38.174358974359,True,2778.7477922158455,1239.3642676744323,1216.8999999999999
1.0,0.5,19.0871794871795,38.174358974359,True,2860.4395833576295,1305.8111660815177,1216.8999999999999
1.0,0.5,19.0871794871795,38.174358974359,True,2945.3337681535795,1375.2800147569612,1216.8999999999999
1.0,0.5,19.0871794871795,38.174358974359,True,3614.6094201066153,NA,1216.9000000000065
