line_upgrade_cost_coef_scale,line_establish_cost_coef_scale,line_upgrade_capacity_coef_scale,line_establish_capacity_coef_scale,set_decision_var_priorities,runtime,net_runtime_simulations,best_incumbent
1.0,0.5,16.701282051282,33.4025641025641,True,409.2332936723414,82.67310003416183,933.3420000000001
1.0,0.5,16.701282051282,33.4025641025641,True,588.0648424506682,173.64128439036085,938.67
1.0,0.5,16.701282051282,33.4025641025641,True,1015.1275814370629,556.3198824449333,938.67
1.0,0.5,16.701282051282,33.4025641025641,True,1474.6571253678928,952.5489276598856,1032.524
1.0,0.5,16.701282051282,33.4025641025641,True,1493.8438700443078,968.6835436845003,1032.524
1.0,0.5,16.701282051282,33.4025641025641,True,3601.7708404385103,NA,1181.4260000000093
