line_upgrade_cost_coef_scale,line_establish_cost_coef_scale,line_upgrade_capacity_coef_scale,line_establish_capacity_coef_scale,set_decision_var_priorities,runtime,net_runtime_simulations,best_incumbent
1.0,5.0,40.2301675977654,80.4603351955307,True,12301.321628931835,7336.082463763958,2760.7000000000007
1.0,5.0,40.2301675977654,80.4603351955307,True,15659.106573247633,10270.886455311409,3142.6
1.0,5.0,40.2301675977654,80.4603351955307,True,17204.955521472828,11565.939224815818,3178.8
1.0,5.0,40.2301675977654,80.4603351955307,True,17415.534814964834,11747.92127809846,3178.8
