line_upgrade_cost_coef_scale,line_establish_cost_coef_scale,line_upgrade_capacity_coef_scale,line_establish_capacity_coef_scale,set_decision_var_priorities,runtime,net_runtime_simulations,best_incumbent
1.0,5.0,100.123960880196,200.247921760391,True,9517.894375028978,603.4843266933626,14619.285200000004
1.0,5.0,100.123960880196,200.247921760391,True,20029.015801164343,4970.785373135426,14633.823600000007
1.0,5.0,100.123960880196,200.247921760391,True,29554.200700756934,11804.556884163183,15294.040000000006
1.0,5.0,100.123960880196,200.247921760391,True,35221.993632999176,13663.438935928061,15294.040000000006
1.0,5.0,100.123960880196,200.247921760391,True,37649.02269979153,14160.48690973188,15294.040000000006
1.0,5.0,100.123960880196,200.247921760391,True,44370.524922296936,NA,14101.635760000088
