line_upgrade_cost_coef_scale,line_establish_cost_coef_scale,line_upgrade_capacity_coef_scale,line_establish_capacity_coef_scale,set_decision_var_priorities,runtime,net_runtime_simulations,best_incumbent
1.0,5.0,114.427383863081,228.854767726161,True,13880.449049344541,1119.1251233421526,15514.354800000001
1.0,5.0,114.427383863081,228.854767726161,True,31680.794739601213,3046.4646371756708,15644.220000000003
1.0,5.0,114.427383863081,228.854767726161,True,35815.0595967661,3938.7104320225,15802.2956
1.0,5.0,114.427383863081,228.854767726161,True,38060.915818145666,5914.64446626446,15966.143200000004
1.0,5.0,114.427383863081,228.854767726161,True,43403.313084693,NA,14892.527484328612
