line_upgrade_cost_coef_scale,line_establish_cost_coef_scale,line_upgrade_capacity_coef_scale,line_establish_capacity_coef_scale,set_decision_var_priorities,runtime,net_runtime_simulations,best_incumbent
1.0,5.0,114.427383863081,228.854767726161,True,13483.91510362163,832.1927417214631,15514.354800000001
1.0,5.0,114.427383863081,228.854767726161,True,24331.183747593244,2251.3681764305493,15514.354800000001
1.0,5.0,114.427383863081,228.854767726161,True,36593.57769837358,4636.912642894147,15966.143200000004
1.0,5.0,114.427383863081,228.854767726161,True,40010.53109104009,7548.858400222753,16086.0624
1.0,5.0,114.427383863081,228.854767726161,True,43354.41633455426,NA,14892.527484328612
