scenario,supply
24,20659.04
7,21067.020000000004
13,21140.32
20,21084.02
17,18383.189999999995
2,20410.730000000007
6,21216.02
12,21135.820000000003
21,20922.55
16,20428.36000000001
1,21141.02
5,20763.459999999995
11,20341.160000000007
9,18777.299999999996
15,19706.64000000001
0,21141.02
22,18763.840000000004
19,21433.42
4,19964.9
10,20213.620000000006
8,21141.02
14,19968.12
23,20782.150000000005
18,16867.570000000003
3,19473.01
