scenario,supply
24,23449.72
7,23618.920000000002
13,23485.45
20,23562.920000000002
17,23618.920000000002
2,23389.82
6,23618.920000000002
12,23618.920000000002
21,23676.920000000002
16,23117.399999999998
1,23557.920000000002
5,23312.12
11,23599.32
9,23174.920000000002
15,23349.920000000002
0,23618.920000000002
22,23419.920000000002
19,23618.920000000002
4,23408.72
10,22679.39999999999
8,23676.920000000002
14,22239.019999999997
23,20842.11999999999
18,18932.120000000006
3,23618.920000000002
