line_upgrade_cost_coef_scale,line_establish_cost_coef_scale,line_upgrade_capacity_coef_scale,line_establish_capacity_coef_scale,set_decision_var_priorities,runtime,net_runtime_simulations,best_incumbent
1.0,1.0,16.701282051282,33.4025641025641,True,369.9267872121888,64.96830951161226,933.1420000000002
1.0,1.0,16.701282051282,33.4025641025641,True,722.9497634704913,294.76358682898547,938.67
1.0,1.0,16.701282051282,33.4025641025641,True,1219.7578888443577,736.5343945564218,938.67
1.0,1.0,16.701282051282,33.4025641025641,True,1329.1117964950226,827.3423299216154,962.2899999999998
1.0,1.0,16.701282051282,33.4025641025641,True,1598.1961691634697,1054.738592439646,1083.4919999999997
1.0,1.0,16.701282051282,33.4025641025641,True,1847.697453286453,1263.9115404384252,1149.562
1.0,1.0,16.701282051282,33.4025641025641,True,1929.4635563081315,1334.4831852280204,1155.0699999999997
1.0,1.0,16.701282051282,33.4025641025641,True,7201.905677191763,NA,1181.4260000000093
