line_upgrade_cost_coef_scale,line_establish_cost_coef_scale,line_upgrade_capacity_coef_scale,line_establish_capacity_coef_scale,set_decision_var_priorities,runtime,net_runtime_simulations,best_incumbent
1.0,10.0,35.2013966480447,70.4027932960894,True,2637.894930039546,100.18467591432449,1963.6199999999997
1.0,10.0,35.2013966480447,70.4027932960894,True,5066.115304259921,738.0131177095195,2011.36
1.0,10.0,35.2013966480447,70.4027932960894,True,6582.040262496413,1208.5530193885656,2013.1
1.0,10.0,35.2013966480447,70.4027932960894,True,7220.064205011394,NA,2032.6400000000087
