line_upgrade_cost_coef_scale,line_establish_cost_coef_scale,line_upgrade_capacity_coef_scale,line_establish_capacity_coef_scale,set_decision_var_priorities,runtime,net_runtime_simulations,best_incumbent
1.0,1.0,8.8390243902439,17.6780487804878,True,3.1539633448239277,1.8301245666138266,171.18399999999986
1.0,1.0,8.8390243902439,17.6780487804878,True,11.871330848619124,6.0268262094777345,178.01999999999984
1.0,1.0,8.8390243902439,17.6780487804878,True,69.74395421132321,NA,188.44199999999896
