line_upgrade_cost_coef_scale,line_establish_cost_coef_scale,line_upgrade_capacity_coef_scale,line_establish_capacity_coef_scale,set_decision_var_priorities,runtime,net_runtime_simulations,best_incumbent
1.0,1.0,8.8390243902439,17.6780487804878,True,17.32561854507401,9.534809844838575,183.92399999999984
1.0,1.0,8.8390243902439,17.6780487804878,True,25.603536948864626,14.714056858673091,184.62199999999982
1.0,1.0,8.8390243902439,17.6780487804878,True,69.61792157249812,NA,188.44199999999896
