line_upgrade_cost_coef_scale,line_establish_cost_coef_scale,line_upgrade_capacity_coef_scale,line_establish_capacity_coef_scale,set_decision_var_priorities,runtime,net_runtime_simulations,best_incumbent
1.0,1.0,19.0871794871795,38.174358974359,True,375.58887356999276,136.7143905116269,967.6919999999999
1.0,1.0,19.0871794871795,38.174358974359,True,1042.6590701123469,732.9527430226569,1106.6919999999996
1.0,1.0,19.0871794871795,38.174358974359,True,1397.821220327856,1026.8625750896922,1210.1019999999996
1.0,1.0,19.0871794871795,38.174358974359,True,1404.5156747199435,1032.2007982070918,1210.1019999999996
1.0,1.0,19.0871794871795,38.174358974359,True,2853.6224035585096,1299.611154362421,1216.8999999999999
1.0,1.0,19.0871794871795,38.174358974359,True,3344.243770033755,1703.7280870649329,1216.8999999999999
1.0,1.0,19.0871794871795,38.174358974359,True,3607.4556544504553,NA,1216.9000000000065
