line_upgrade_cost_coef_scale,line_establish_cost_coef_scale,line_upgrade_capacity_coef_scale,line_establish_capacity_coef_scale,set_decision_var_priorities,runtime,net_runtime_simulations,best_incumbent
1.0,1.0,16.701282051282,33.4025641025641,True,280.40748412304026,23.029634241838355,900.7400000000001
1.0,1.0,16.701282051282,33.4025641025641,True,448.4474823708645,100.22169404109471,935.7919999999999
1.0,1.0,16.701282051282,33.4025641025641,True,580.2198508431919,163.9582282430824,938.67
1.0,1.0,16.701282051282,33.4025641025641,True,1591.7466066527497,1046.6038657662682,1083.4919999999997
1.0,1.0,16.701282051282,33.4025641025641,True,1664.6727894211817,1103.2213569748117,1143.504
1.0,1.0,16.701282051282,33.4025641025641,True,1678.1655083627993,1114.6848123052803,1143.504
1.0,1.0,16.701282051282,33.4025641025641,True,1878.3382069040847,1288.4671127129743,1154.918
1.0,1.0,16.701282051282,33.4025641025641,True,1892.8895267390274,1300.210865253416,1154.918
1.0,1.0,16.701282051282,33.4025641025641,True,3601.8711155244196,NA,1181.4260000000093
