line_upgrade_cost_coef_scale,line_establish_cost_coef_scale,line_upgrade_capacity_coef_scale,line_establish_capacity_coef_scale,set_decision_var_priorities,runtime,net_runtime_simulations,best_incumbent
1.0,1.0,16.701282051282,33.4025641025641,True,12.268215730385657,6.134401269303444,900.7400000000001
1.0,1.0,16.701282051282,33.4025641025641,True,542.1985966095967,145.73633452221475,938.67
1.0,1.0,16.701282051282,33.4025641025641,True,914.6655178916774,467.93736398237706,938.67
1.0,1.0,16.701282051282,33.4025641025641,True,1071.6704609616088,606.9314600602054,938.67
1.0,1.0,16.701282051282,33.4025641025641,True,1249.3009120131846,761.9454475998461,958.2299999999999
1.0,1.0,16.701282051282,33.4025641025641,True,1775.572828361582,1200.596716832179,1149.562
1.0,1.0,16.701282051282,33.4025641025641,True,1924.7125649492593,1330.6553114677338,1155.0699999999997
1.0,1.0,16.701282051282,33.4025641025641,True,2000.0356436927786,1393.9811405014573,1181.426
1.0,1.0,16.701282051282,33.4025641025641,True,3601.9931278300414,NA,1181.4260000000093
